metric,SAMME,market
log_loss,1.6645607123729815,1.5505009180270446
brier,0.7929806363837075,0.748630848928681
